{
	"credit": "Made with Blockbench",
	"texture_size": [64, 64],
	"textures": {
		"1": "block/custom/White",
		"3": "block/custom/Purple",
		"particle": "MCBlock"
	},
	"elements": [
		{
			"from": [2, 0, 2],
			"to": [14, 3, 14],
			"faces": {
				"north": {"uv": [0, 0, 3, 0.75], "texture": "#1"},
				"east": {"uv": [0, 0, 3, 0.75], "texture": "#1"},
				"south": {"uv": [0, 0, 3, 0.75], "texture": "#1"},
				"west": {"uv": [0, 0, 3, 0.75], "texture": "#1"},
				"up": {"uv": [6.5, 0, 9.5, 3], "texture": "#1"},
				"down": {"uv": [3.25, 0, 6.25, 3], "texture": "#1"}
			}
		},
		{
			"from": [13, 7, 6.5],
			"to": [16, 10, 9.5],
			"faces": {
				"north": {"uv": [0, 15.25, 0.75, 16], "texture": "#1"},
				"east": {"uv": [0, 15.25, 0.75, 16], "texture": "#1"},
				"south": {"uv": [0, 15.25, 0.75, 16], "texture": "#1"},
				"west": {"uv": [0, 15.25, 0.75, 16], "texture": "#1"},
				"up": {"uv": [0, 15.25, 0.75, 16], "texture": "#1"},
				"down": {"uv": [0, 15.25, 0.75, 16], "texture": "#1"}
			}
		},
		{
			"from": [3, 3, 3],
			"to": [13, 6, 13],
			"faces": {
				"north": {"uv": [0, 0, 2.5, 0.75], "texture": "#3"},
				"east": {"uv": [0, 0, 2.5, 0.75], "texture": "#3"},
				"south": {"uv": [0, 0, 2.5, 0.75], "texture": "#3"},
				"west": {"uv": [0, 0, 2.5, 0.75], "texture": "#3"},
				"up": {"uv": [0, 0, 2.5, 2.5], "texture": "#3"},
				"down": {"uv": [0, 0, 2.5, 2.5], "texture": "#3"}
			}
		},
		{
			"from": [1, 6, 4],
			"to": [9, 12, 12],
			"rotation": {"angle": -22.5, "axis": "z", "origin": [0, 0, 0]},
			"faces": {
				"north": {"uv": [0, 0, 2, 1.5], "texture": "#3"},
				"east": {"uv": [0, 0, 2, 1.5], "texture": "#3"},
				"south": {"uv": [0, 0, 2, 1.5], "texture": "#3"},
				"west": {"uv": [0, 0, 2, 1.5], "texture": "#3"},
				"up": {"uv": [0, 0, 2, 2], "texture": "#3"},
				"down": {"uv": [0, 0, 2, 2], "texture": "#3"}
			}
		},
		{
			"from": [9, 2, 5],
			"to": [16, 7, 11],
			"rotation": {"angle": 22.5, "axis": "z", "origin": [0, 0, 0]},
			"faces": {
				"north": {"uv": [0, 0, 1.25, 1.75], "rotation": 270, "texture": "#3"},
				"east": {"uv": [0, 0, 1.25, 1.5], "rotation": 90, "texture": "#3"},
				"south": {"uv": [0, 0, 1.25, 1.75], "rotation": 90, "texture": "#3"},
				"west": {"uv": [0, 0, 1.25, 1.5], "rotation": 90, "texture": "#3"},
				"up": {"uv": [0, 0, 1.5, 1.75], "rotation": 90, "texture": "#3"},
				"down": {"uv": [0, 0, 1.5, 1.75], "rotation": 90, "texture": "#3"}
			}
		}
	],
	"display": {
		"thirdperson_righthand": {
			"translation": [0, 2.25, 0],
			"scale": [0.35, 0.35, 0.35]
		},
		"thirdperson_lefthand": {
			"translation": [0, 2.25, 0],
			"scale": [0.35, 0.35, 0.35]
		},
		"firstperson_righthand": {
			"translation": [0, 2.75, 0],
			"scale": [0.5, 0.5, 0.5]
		},
		"firstperson_lefthand": {
			"translation": [0, 2.75, 0],
			"scale": [0.5, 0.5, 0.5]
		},
		"ground": {
			"scale": [0.35, 0.35, 0.35]
		},
		"gui": {
			"translation": [-0.75, 2.25, 0]
		},
		"head": {
			"translation": [0, 14.25, 0],
			"scale": [1.3, 1.3, 1.3]
		}
	}
}