{
    "providers": [
        {
            "type": "bitmap",
            "file": "minecraft:guis/custom_menus/pixel.png",
            "ascent": -2000,
            "height": -3,
            "chars": ["七"]
        },
        {
            "type": "bitmap",
            "file": "minecraft:guis/custom_menus/empty_menu_27.png",
            "ascent": 17,
            "height": 174,
            "chars": ["㈁"]
        },
        {
            "type": "bitmap",
            "file": "minecraft:guis/Custom Menus/empty_menu_54.png",
            "ascent": 17,
            "height": 228,
            "chars": ["㈀"]
        }
    ]
}
